holoid_chain,apoid_chain
2ieg_B,5ox4_A 5owz_A 5ox1_A 5o50_A 5lrd_A 6f3r_A 5ox3_A 6f3s_A 5owy_A 5mem_A 6f3l_A 5ox0_A 5jtt_A 4yi3_A 1a8i_A 4mi9_A 5mcb_A 5jtu_A 1ww3_A 4mi6_A 4yi5_A 1c8k_A 2qrh_A 1xc7_A 2qrq_A 3zcp_A 3l79_A 2qrg_A 4cto_A 3l7a_A 2qrp_A 2qn7_A 3l7c_A 3bd7_A 4ctm_A 1xl0_A 5lrc_A 1ww2_A 1gpb_A 4mho_A 1z62_A 4el5_A 4mhs_A 3ebo_A 2pyi_A 2qrm_A 4yua_A 2f3q_A 2qn3_A 2f3p_A
1cib_A,1ade_A 1ade_B 1hoo_B 1hon_A 1hon_B 1adi_A 1adi_B 1ade_A 1ade_B 1hoo_B 1hon_A 1hon_B 1adi_A 1adi_B
1lic_A,1g7n_A 1lib_A 3js1_A 3js1_B 1ab0_A 1a2d_A 1a2d_B 1a18_A 1alb_A 1acd_A 5c0n_A 5c0n_B 5d8j_A
1nx3_A,4phj_A 4phj_B 4phn_A 4phn_B 1alv_A 1alv_B 1nx1_A 1nx1_B 1nx2_A 1nx0_A 1nx0_B 1kfu_S 1kfx_S
1kuv_A,1b6b_A 1b6b_B
2v5a_A,2w6z_B 2v5a_B
1ryo_A,1bp5_A 1bp5_B 1bp5_C 1bp5_D 1btj_A 1btj_B
1gx8_A,4tlj_A 4tlj_B 1beb_A 1b8e_A 1qg5_A 1uz2_X 6fxb_A 6fxb_B 6fxb_C 6fxb_D 6qpe_A 2q2m_A 6ryt_A 3npo_A 6nkq_A 6nkq_B 6nkq_C 6nkq_D 6nkq_E 6nkq_F 4lzu_A 1bsy_A 1bsq_A 4omw_B 4lzv_A 3blg_A 3ph5_A 3ph5_B 5hte_A 3ph6_A 3ph6_B 2blg_A 2q39_A 2q39_B 2q2p_A 5io5_A 2akq_A 2akq_B 2akq_C 2akq_D 1dv9_A 1cj5_A
1ctr_A,4djc_A 3gof_A 3gof_B 3gp2_A 4lzx_A 2w73_A 2w73_B 2w73_E 2w73_F 2f3y_A 5dow_A 5dow_C 5dow_E 5dow_G 4j9y_R 2o60_A 5v03_R 6u3a_A 6u3a_B 6dad_A 6dad_B 5nin_A 4g28_R 6u3b_A 4g27_R 1g4y_R 4j9z_R 6u3d_A 6u3d_B 2f3z_A 1prw_A 5jqa_A 1mxe_A 1mxe_B 1yr5_A 5jth_A 1cll_A 5v02_R 2wel_D 3bya_A 3sjq_A 3sjq_B 6mba_B 5k8q_A 4bw7_A 4bw7_C 1ahr_A 1iq5_A 5wbx_R 1cm4_A
1ey3_F,1mj3_D 2dub_C 2dub_D 1dub_D
1h9g_A,1hw1_A 1hw1_B 1e2x_A 1hw2_A 1hw2_B 1h9t_A 1h9t_B
1ecc_B,6czf_A 6czf_B 6czf_C 6czf_D 1ecj_B 1ecj_D 6ott_A 6ott_B
1gky_A,1ex6_A 1ex6_B 4f4j_A 4f4j_B
1ha3_B,2c77_A 1exm_A 1eft_A 1ttt_A 1ttt_B 1ttt_C 1tui_A 1tui_B 1tui_C 1aip_A 1aip_B 1aip_E 1aip_F 1zc8_Y
1l5s_B,2ati_A 2ati_B 1xoi_A 1xoi_B 3cem_A 3cem_B 1l5r_B 1em6_A 1em6_B 1fc0_A 1fc0_B 1fa9_A 3ceh_A 3ceh_B 1exv_A 1exv_B 3cej_A 3cej_B 2zb2_A 2zb2_B
2oo8_X,1fvr_A 1fvr_B
3hl8_A,2qxf_A 3c95_A 4hcb_A 4hcb_B 4jrp_A 1fxx_A 3c94_A 4hcc_A 4hcc_B 4jrq_A 4jrq_B 4js4_A 4js4_B 4js5_A 4js5_B
1gzf_C,2a78_B 1g24_A 1g24_B 1g24_C 1g24_D 2c89_A 1uzi_A 1uzi_B 2c8g_A 2c8f_F 2c8f_G 1gze_A 1gze_B 1gze_C 1gze_D
2ixu_A,1h09_A 1oba_A
1ghy_H,3sqe_E 1hag_E 3sqh_E 1mh0_A 1mh0_B
3ip0_A,1tmj_A 3ili_A 1kbr_A 1hka_A 3kue_A 3hsd_B 3ill_A 1im6_A 1g4c_A 1g4c_B 3hcx_A 3kug_A 2f63_A 2f65_A 1eq0_A
1imb_B,1ime_A 1ime_B 1imf_A
1wun_H,1jbu_H 1fak_H
1pzo_A,1yt4_A 5hw5_A 5hw5_B 5hw5_C 5hw5_D 6ayk_A 6ayk_B 6ayk_C 6ayk_D 5kpu_A 5kpu_B 5kpu_C 5kpu_D 1pzp_A 1li9_A 1zg4_A 5hvi_A 5hvi_B 5hvi_C 5hvi_D 5hw1_A 5hw1_B 5hw1_C 5hw1_D 2b5r_A 2b5r_B 5i52_A 5i52_B 5i52_C 5i52_D 4zj2_A 1jwp_A 5kkf_A 5kkf_B 5kkf_C 5kkf_D 4gku_A 5i63_A 5i63_B 5i63_C 5i63_D 1lhy_A 3cmz_A 6apa_A 6apa_B 6apa_C 6apa_D 5npo_A 1xxm_A 1xxm_B
1u1d_F,1rxy_A 2qdk_A 2oxf_A 2pga_A 3dps_A 1zl2_A 2iq5_A 1lx7_A 2hsw_A 1y1r_A 1t0u_B 2oec_A 2oec_D 2oec_E 1k3f_A 1k3f_B 1k3f_C 1k3f_D 1k3f_E 1k3f_F 4ogk_C 1rxs_A 1rxs_L 1rxs_d 1rxs_m 1rxs_o 1sj9_A 1sj9_C 1sj9_D 1sj9_E 1sj9_F 1ryz_A 1ryz_C 1ryz_D 1ryz_E 1ryz_F
2egh_B,1k5h_A 1k5h_C
2ofp_A,1ks9_A 1yjq_A
1grn_A,1kz7_B 1kz7_D 6tky_C 3gcg_A 1kzg_B 1kzg_D 6ajl_B 6ajl_D 6ajl_F 6ajl_H 6aj4_B 6aj4_D 6aj4_F 6aj4_H 5fi1_B 5upl_B 2kb0_A 2ase_A 1ees_A 1aje_A
2hka_C,1nep_A 2hka_A
3hok_B,1ni6_A 1ni6_B 1ni6_C 1ni6_D 1s8c_B 1s8c_C 1s8c_D
1eyj_B,1nuw_A 1nux_A 5fbp_B 1fpb_B 1fbh_A 1fbh_B 1fbc_A 1fbc_B 1fbf_A 1fbf_B 1fbd_A 1fbd_B 3fbp_A 3fbp_B 2fbp_A 2fbp_B 1fbg_A 1fbg_B 1rdx_A 1rdx_B 1fbe_A 1fbe_B 1fpk_A 1fpk_B 4gwu_A
1oke_B,1ok8_A 3c5x_A 1tg8_A 4uta_A 4uta_B 4ut9_A 4ut9_B 4ut9_C 4ut9_D 4utc_B 1oan_A 1oan_B 4ut6_A 4ut6_B 4utb_A 4utb_B 5n09_A 5n09_B 3j8d_G 3j8d_H 3j8d_I 3j35_A 3j35_B 3j35_C 3iya_A 3iya_B 3iya_C 3c6r_A 3c6r_B 3c6r_C 2r6p_A 2r6p_B 2r6p_C 2b6b_A 2b6b_B 2b6b_C 1thd_A 1thd_B 1thd_C 1tge_A 1tge_B 1tge_C
1pzy_D,1pzt_A 1nwg_B 1fgx_A
2wkw_B,1qlw_B
3f82_A,3q6u_A 1r1w_A 2g15_A
1j6z_A,2q0u_A 2pbd_A 3mn5_A 2q0r_A 3sjh_A 4pkg_A 2pav_A 6jh9_A 2a40_A 2a40_D 4b1x_B 2a42_A 2gwj_A 3w3d_A 5yee_B 4h03_B 1t44_A 6rsw_A 4b1w_B 2gwk_A 2gwk_B 4pl8_A 4pl8_B 2a3z_A 3u9z_A 3u8x_A 3u8x_C 5ypu_A 5ypu_C 4b1u_B 6jh8_A 2ff3_B 2ff6_A 1rdw_X 1esv_A 4pki_A 1eqy_A 1kxp_A 6jcu_A 6jcu_C 1mdu_B 1mdu_E 4h0t_B 2v51_B 2v51_D 4z94_A 2a41_A 6jbk_A 6jbk_C 6jbk_E
2w5k_B,6etl_A 6etk_A 6etm_A 6etn_A 6eto_A 6etp_A 6etq_A 1kf5_A 1kf7_A 1kf8_A 6f60_B 6etr_A 2rat_A 3rat_A 4rat_A 5rat_A 6rat_A 1eic_A 8rat_A 7rat_A 1eid_A 1fs3_A 1ymn_A 1eie_A 1rat_A 1rhb_A 2g8q_A 2g8q_B 9rat_A 1izr_A 1izp_A 1ymr_A 1ymw_A 3rsd_A 3fl3_B 2p43_A 3d6o_B 3d6q_B 3d7b_B 3d6p_B 2op2_A 1rbx_A 5e5f_B 1c9v_A 4wyn_A 4wyn_B 4l55_A 4l55_B 1rbw_A 4g8v_B
1s9d_A,1r8s_A 1o3y_A 1o3y_B 1j2j_A 6ii6_C 6ii6_D 1hur_A 1hur_B 2j59_A 2j59_B 2j59_C 2j59_D 2j59_E 2j59_F 1rrg_A 1rrg_B 4c0a_C 4c0a_D 4c0a_G 4hmy_C 6cri_C 6cri_H 6cri_K 6cri_L 6cri_U 6cri_V 1u81_A
1br6_A,1uq5_A 5ddz_A 4z9k_A 1j1m_A 5gu4_A 5gu4_B 4lgr_A 5j57_A 1uq4_A 4lhj_A 1ift_A 5e1h_A 3srp_A 4q2v_A 4lhq_A 4lhq_C 1obs_A 1rtc_A 5u4m_A 4lgp_A 4lgp_C 5u4l_A 2aai_A 4lgs_A 6cwg_A 6cwg_C 1il5_B 4kuc_A 4kuc_I 5boz_A 5boz_B 5boz_C 5boz_D 5boz_E 5boz_F
3fgo_B,3n5k_A 3n5k_B 2zbf_A 2agv_A 2agv_B 5zmw_A 1su4_A 2zbg_A 3b9b_A 2o9j_A 3w5c_A 3nal_A 4kyt_A 2eau_A 4ycl_A 2eat_A 5xa9_A 5xab_A 1xp5_A 2ear_A 5xa7_A 1iwo_A 1iwo_B 3nam_A 5xaa_A 2yfy_A 3nan_A 2c8l_A 2c9m_A 2c9m_B 4j2t_A 4y3u_A 2zbe_A 2zbe_B 3j7t_A 1kju_A
2eum_A,1wbe_A 3rwv_A 3rwv_B 1tfj_A 1swx_A 2evt_A
1tr5_A,1tqo_A
2gz7_A,2h2z_A 2qcy_A 2duc_A 2duc_B 2gt7_B 3snd_A 3snd_B 1q2w_A 2gt8_A 2bx3_A 2c3s_A 1uj1_A 1uj1_B 4hi3_A 4hi3_B 3aw1_A 3aw1_B 3vb3_A 3vb3_B 3ea8_A 5b6o_A 5b6o_B 2gz9_A 3m3s_A 3m3s_B 3f9f_A 3f9f_B 3ea9_A 3fzd_A 3aw0_A 1uk2_A 1uk2_B 3e91_A 3e91_B 3snb_A 2q6g_A 2q6g_B 3sne_A 3ea7_A 3ea7_B 3avz_A 1uk3_A 1uk3_B 3m3v_A 3m3v_B 3snc_A 3eaj_A 3eaj_B 2qc2_A 2qc2_B
3ixj_C,3tpj_A 5mcq_A 1fkn_A 1fkn_B 1xn2_A 1xn2_B 1xn2_C 1xn2_D 1w50_A 1sgz_A 1sgz_B 1sgz_C 1sgz_D 1xn3_A 1xn3_B 1xn3_C 1xn3_D 3l59_B 2zhv_A 1m4h_A 1m4h_B 2zht_A 2zhr_A 2zhr_B 2zhu_A 3tpl_A 3tpl_B 3tpl_C 5mbw_A 2zhs_A 3r1g_B
1ow3_B,5jhg_F 1xcg_B 1xcg_F 3t06_B 3t06_F 1lb1_B 1lb1_D 1lb1_F 1lb1_H 2rgn_C 2rgn_F
1xvc_A,1mty_D 1mty_E 1fz1_A 1fz1_B 1fz3_A 1fz3_B 1fz7_A 1fz7_B 1fz0_A 1fz0_B 1mmo_D 1mmo_E 1fyz_A 1fyz_B 1fz2_A 1fz2_B 1fz6_A 1fz6_B 1xmg_A 1xmg_B 1xmh_A 1xmh_B 1xmf_A 1xmf_B 1fz5_A 1fz5_B 1fz4_A 1fz4_B 4gam_A 4gam_F 4gam_K 4gam_P
1py2_A,5lqb_A 4nem_A 1m47_A 1nbp_A 2b5i_A 3ink_C 3ink_D 5utz_A 5utz_D 5utz_E 5utz_I 1m4c_A 1m4c_B 1z92_A 2erj_D 2erj_H 3qb1_A 3qb1_B 3qb1_C 3qb1_E 3qb1_F 3qb1_H 3qaz_A 3qaz_D 3qaz_G 3qaz_J 3qaz_M 3qaz_P 3qaz_S 3qaz_V 3qaz_Y 3qaz_b 3qaz_e 3qaz_h 1irl_A
2ot1_D,3dfq_A 3dfq_B 3dfq_C 3dfq_D 5f4x_A 5f4x_B 5f4x_C 5f4x_D 3dfn_A 3dfn_B 3dfn_C 3dfn_D 1zah_A 1zah_B 1zah_C 1zah_D 3dft_D 1ado_C 1ado_D 2ot0_A 2ot0_B 2ot0_C 2ot0_D 3dfp_D 3b8d_A 3b8d_B 3b8d_C 3b8d_D 2ald_A 3lge_A 3lge_B 3lge_C 3lge_D 1ald_A 1ex5_A 1ex5_B 1ex5_C 1ex5_D 1ewd_A 1ewd_B 1ewd_C 1ewd_D 1ewe_A 1ewe_B 1ewe_C 1ewe_D 6ald_C 6ald_D 6v20_A 6v20_B
1za1_D,1d09_B 1d09_D 2air_B 2air_H 2qgf_B 2qgf_D 4wto_B 4wto_D 1f1b_B 1f1b_D 1nbe_B 1nbe_D 1tu0_B 1tu0_D 1i5o_D 1r0c_B 1r0c_H 1xjw_B 1xjw_D 1tth_B 1tth_D 1ezz_B 1ezz_D 2qg9_B 2qg9_D 1q95_G 1q95_H 1q95_I 1q95_J 1q95_K 1q95_L 3d7s_B 3d7s_D 2ipo_B 2ipo_D 1r0b_G 1r0b_H 1r0b_I 1r0b_J 1r0b_K 1r0b_L
1yv3_A,2aka_A 1vom_A 1lvk_A 1d0y_A 1d0x_A 3myl_X 1d0z_A 1d1b_A 4pjk_A 1fmv_A 1mmg_A 1mmn_A 1d1a_A 1fmw_A 1mma_A 1d1c_A 2xo8_A 2jj9_A 2xel_A 2x9h_A 2jhr_A 2y0r_X 2y8i_X 2y9e_X 1mne_A 1mnd_A 1mmd_A
2piq_A,4oha_A 5v8q_A 1t7r_A 3l3x_A 1t7m_A 1t7f_A 2pnu_A 2ax6_A 2am9_A 1t7t_A 3v49_A 3b66_A 2ax9_A 2amb_A 2ax8_A 2q7k_A 2q7i_A 1t79_A 3rll_A 1t65_A 4oey_A 2pit_A 2axa_A 1xow_A 2q7j_A 3v4a_A 2q7l_A 1z95_A 4oez_A 3b5r_A 2ax7_A 4okw_A 3b65_A 2ama_A 3g0w_A 2ao6_A 4ojb_A 1gs4_A 3rlj_A 3l3z_A 2oz7_A 3b67_A 4oh5_A 5cj6_A 3b68_A 2ihq_A 1t74_A 1t63_A 2piv_A 4ok1_A
3dhh_E,3ge3_E 5tdu_E 2bf5_A 2bf5_B 3dhi_E 5tdt_E 5tdt_H 3q3n_E 3i5j_E 3q3o_E 3q2a_E 5tdv_E 5tdv_H 3i63_E 3ri7_E 3ge8_E 3ge8_H 2bf2_A 2bf2_B 1g10_A 1g11_A
3gqz_A,2hds_B 4okp_B 4kz4_A 1l0d_B 4kz3_A 4kz3_B 4kz6_A 3iwi_B 4kz9_B 1l0f_B 4kg6_C 4kg6_D 1llb_A 2p9v_B 1ke4_B 3iwq_B 1l0e_A 1l0e_B 3iwo_B 3gqz_B 3gr2_A 3gr2_B 1ll9_A 2hdq_B 2bls_A 2bls_B 2hdr_B 3ixh_A
2gir_B,3tyq_A 3tyq_B 3tyv_A 3tyv_B 4mz4_A 4mz4_B 3ska_A 3ska_B 2giq_A 2giq_B 3u4o_A 3u4o_B 1gx5_A 2yoj_A 2yoj_B 3fql_A 3hhk_A 3hhk_B 3vqs_A 3vqs_B 3vqs_C 3vqs_D 2xhv_A 2xhv_B 3ciz_A 1gx6_A 3hky_B 4mkb_A 4mkb_B 3ske_A 3ske_B 4ih5_A 4ih5_B 2wcx_A 4kb7_A 4kb7_B 4eaw_B 3h98_A 3h98_B 1c2p_A 1c2p_B 3uph_A 3uph_B 3upi_A 3upi_B 4mka_A 4mka_B 2jc1_A 2jc1_B 2zku_B
2bu2_A,4mpc_A 4mpn_A 4mp2_A 4mp7_A 4mpe_A 5j6a_A 5m4p_A 3crk_A 3crk_B 4v26_A 2bu7_A 1jm6_A 1jm6_B 2btz_A 4v25_A 5m4n_A 5m4k_A 2bu8_A 3crl_A 3crl_B
1afq_C,1t8o_A 1t8o_C 1t8l_A 1t8l_C 2cga_A 2cga_B 1t8n_A 1p2m_A 1p2m_C 1p2n_A 1p2n_C 1t8m_A 1t8m_C 1p2q_A 1p2q_C 1t7c_A 1t7c_C 1acb_E 3t62_C 1gl1_A 1gl1_B 1gl1_C 5j4s_A 1p2o_A 1p2o_C 1oxg_A 1cgi_E 1cgj_E 5j4q_A 1gl0_E 1ex3_A 2y6t_A 2y6t_B 2y6t_C 2y6t_D 1chg_A
2h4k_A,5qgf_A 2cm2_A 5qgb_A 5qdk_A 5qfe_A 5qf3_A 5qgc_A 5qfk_A 5qfh_A 5qef_A 1pa1_A 5qdq_A 5qdi_A 5qfu_A 5qfq_A 5qg8_A 5qg3_A 5qfr_A 5qfv_A 5qex_A 5qel_A 5qdu_A 5qfn_A 5qec_A 5qga_A 5qfg_A 5qe1_A 5qgd_A 5qez_A 5qfw_A 5qdf_A 5qfi_A 4zrt_A 5qe9_A 5qg9_A 3a5j_A 5qf0_A 5qff_A 5qet_A 5qfz_A 5qge_A 5qf5_A 5qdp_A 5qeo_A 5qg6_A 3sme_A 5qev_A 5qds_A 5qes_A 5qf7_A
1t49_A,2f71_A 2cm2_A 5qdk_A 3cwe_A 5qf3_A 5qfh_A 5qef_A 1pa1_A 5qdq_A 2f6z_A 5qdi_A 5qfu_A 5qfq_A 2f6t_A 5qfr_A 5qfv_A 2f6v_A 5qec_A 5qga_A 5qfg_A 5qgd_A 5qfw_A 5qdf_A 5qfi_A 4zrt_A 5qe9_A 5qg9_A 6b8x_A 3a5j_A 5qf0_A 5qet_A 5qge_A 5qf5_A 5qeo_A 5qg6_A 3sme_A 5qev_A 5qds_A 5qes_A 5qf7_A 5qea_A 5qfd_A 5qde_A 5qeb_A 5qeu_A 5qdj_A 5qg0_A 5qei_A 5qen_A 5qfy_A
2jds_A,5n3i_A 4wih_A 5n3t_A 5n3n_A 5n3m_A 5n3k_A 5n3r_A 5n1n_A 6eh0_A 4c33_A 5oua_A 4o22_A 2gfc_A 2gng_A 1apm_E 4dg2_E 1smh_A 4dfz_E 1q61_A 1jlu_E 1q62_A 3tnp_C 3tnp_F 4x6q_C 2cpk_E 1syk_A 3o7l_D 1cmk_E 4nts_A 4nts_B 6no7_A 6no7_C 6bys_A 6bys_C 6bys_E 6bys_G
1s9q_B,6i65_A 2e2r_A 6i66_A 6i62_A 6i61_A 6i67_A 2zkc_A 2zbs_A 2gpo_A 6i64_A 6i63_A 2zas_A 2p7g_A 1s9p_A 1s9p_B 1s9p_C 1s9p_D 2p7a_A 2gp7_A 2gp7_B 2gp7_C 2gp7_D 1tfc_A 1tfc_B 2gpp_A 2gpp_B 1kv6_A 1kv6_B
3cfn_B,4his_B 5fw7_A 5fw7_B 5dwp_A 5dwp_B 5clz_A 5clz_B 5cm1_A 5cm1_B 5cly_A 5cly_B 5clx_A 5clx_B 4mrb_A 4mrb_B 5cn3_A 5cn3_B 5e4a_B 5fw6_A 5fw6_B 1f41_A 1f41_B 3dgd_A 3dgd_B 3dgd_C 3dgd_D 4wnj_A 4tls_A 4tls_B 5cnh_A 5cnh_B 5dej_A 5dej_B 2qgb_A 2qgb_B 4wns_A 6fxu_A 6fxu_B 5lll_A 5lll_B 5e23_B 1qwh_A 1qwh_B 4pwe_A 4pwe_B 6fzl_A 6fzl_B 2h4e_A 2h4e_B 4tlk_A
2iyq_A,2iyt_A
2ohv_A,2ohg_A
2q8h_A,2q8g_A 2q8f_A
2wi7_A,3t0h_A 5j80_A 5j2v_A 1yer_A 2qfo_B 3b26_B 1yes_A 2yeg_A 2k5b_A
3dc1_A,6d0a_A 5efs_A 5eun_A 5tf5_B 2qlr_A 2qlr_B 2qlr_C 2qlr_D
2v57_A,2v57_B 2v57_D 2wgb_A
1d6y_B,6grr_A 6grr_B 6ezz_A 6ezz_B 1oac_A 1oac_B 1qak_A 1qak_B 1dyu_A 1dyu_B 1spu_A 1spu_B 2wof_A 2wof_B 1qaf_A 1jrq_A 1jrq_B 1qal_A 1qal_B 2wo0_A 2wo0_B 2wgq_A 2wgq_B 2woh_A 2woh_B
2yqs_A,2yqc_A
2npq_A,6sp9_A 6sov_A 6spl_A 5lar_A 6sou_A 6so4_A 6sfi_A 6so2_A 6sot_A 6soi_A 6so1_A 3fmk_A 2rg6_A 6m95_A 6sfo_A 3gc7_A 6sfk_A 2gfs_A 3kq7_A 1wbs_A 3nnw_A 2zaz_A 3zya_A 2gtn_A 3d83_A 6sod_A 5xyy_A 4aa0_A 4lop_A 4lop_B 4lop_D 3fl4_A 2qd9_A 2y8o_A 3fly_A 3e93_A 6sfj_A 3e92_A 4e5a_X 3s3i_A 4kin_A 4kin_B 4kin_C 4kin_D 3fmn_A 2i0h_A 1wbv_A 5uoj_A 3fln_C 4loo_A
2al4_F,5ng9_A 4igt_A 5nih_A 5nih_B 5fti_A 5fti_B 6q54_A 6q54_B 5ns9_A 5ns9_B 1mqi_A 4z0i_A 4z0i_B 1mqd_A 1mqd_B 1mqd_C 1mqd_D 6q60_A 6q60_B 4u2r_A 4u2r_B 4u2r_C 4u2r_D 1m5e_A 1m5e_B 1m5e_C 2gfe_A 2gfe_B 2gfe_C 3dp6_A 3dp6_B 3dp6_C 1p1o_A 1m5c_A 3rtf_B 3rtf_D 3rtf_F 1mm7_A 1mm7_B 1mm7_C 4o3a_B 1wvj_A 1mqj_A 1m5d_A 1ftk_A 4h8j_A 4h8j_B 4h8j_C 4h8j_D 1syh_A
3bl7_A,3bl9_B 3bl7_B
2iuz_B,1w9p_A 1w9p_B 1wno_A 1wno_B
3fqk_B,1gx5_A 4eo6_A 4eo6_B 4eo8_A 4eo8_B 3frz_A 3cj2_A 3cj2_B 2d3z_A 2d3z_B 2xhv_A 3ciz_A 3ciz_B 1gx6_A 3cj0_A 3cj0_B 4jju_A 4jju_B 2wcx_A 2gir_A 2gir_B 2wrm_A 5czb_A 5czb_B 1c2p_A 1c2p_B 3cj5_A 3cj5_B 3cj3_A 3cj3_B 3mf5_A 3mf5_B 2zku_A 2zku_B 2zku_C 2zku_D 4j02_A 4j02_B 1nb4_A 1nb4_B 4j04_A 4j04_B 4j06_A 4j06_B 2d3u_A 2d3u_B 4dru_A 2who_A 2who_B 1nhu_A
3bqm_C,1mjn_A 3f74_A 3f74_B 3f74_C 1lfa_A 1lfa_B 1zon_A 1zop_A 1zop_B 3bn3_A 3hi6_A 3hi6_B 3eoa_I 3eoa_J 3tcx_B 3tcx_D 3tcx_F 3tcx_H 3tcx_J 3tcx_L 3tcx_N 3tcx_P 3tcx_R 3tcx_T 3tcx_V 3tcx_X 3tcx_Z 3tcx_b 1zoo_A 1zoo_B 1mq8_B 1mq8_D 3eob_I 3eob_J 1dgq_A
2yxj_A,3fdl_A 2yq7_A 5vx3_A 5vx3_C 5vx3_E 5vx3_G 3r85_A 3r85_B 3r85_C 3r85_D 4z9v_A 4z9v_B 3fdm_C 5b1z_A 5b1z_B 2yj1_C 6dco_A 6dco_B 3io8_A 3io8_C 6dcn_A 6dcn_B 4a1w_B 4a1w_D 5c3g_A 2p1l_A 2p1l_C 2p1l_E 2p1l_G 4cin_A 4cin_B
2wcg_A,3gxi_A 3gxi_B 3gxi_C 3gxi_D 1ogs_B 2nt1_A 2nt1_B 2nt1_C 2nt1_D 3rik_A 3rik_C 3gxm_A 3gxm_B 3gxm_C 3gxm_D 2f61_A 2f61_B 3ke0_A 2wkl_A 2wkl_B 3gxd_A 3gxd_B 3gxd_C 3gxd_D 3keh_A 2j25_A 2j25_B
3h9j_D,3h5r_C 3h5r_D 3h9q_A 3h9q_C 3h9q_D 3h5a_A 3h5a_B 3h5a_C 3h5a_D
1q0b_B,1ii6_A 1ii6_B 3hqd_A 3hqd_B 4zhi_A 4zhi_B 4ck5_C 4ck6_C 4ck7_C 4aqv_C 4aqw_C
3lth_A,1naw_A 1naw_B 4e7f_D 3kqa_A 3kqa_B 3kqa_C 3kqa_D 4e7e_B 3spb_A 3spb_B 3spb_C 3spb_D 4e7d_B 4e7d_C
2hvd_C,3l7u_A 3l7u_C 1jxv_A 1jxv_B 1jxv_C 1jxv_D 1jxv_E 1jxv_F
3eks_A,3cip_A 3ci5_A 2hf3_A 2hf4_A 1nm1_A 1nlv_A 1d4x_A 1nmd_A 1c0g_A 3mn9_A 3mn6_A 3mn6_F 3mn6_K 3chw_A 1dej_A 3a5o_C 3mn7_A 3ub5_A 3a5m_C 3a5n_C 3a5l_C 6nbw_A 2btf_A 1hlu_A 2oan_D 3el2_A 3u4l_A 4jhd_A 4jhd_D 4jhd_B 4jhd_E 5wfn_A 5wfn_B 3mmv_A 4rwt_A 4rwt_B 6cxi_A 6cxi_B 6cxi_C 6cxi_D 6cxi_E 6cxj_A 6cxj_B 6cxj_C 6cxj_D 6cxj_E 6g2t_A 6g2t_B 6g2t_C 6g2t_D
3hl7_A,6sp9_A 6sov_A 6spl_A 5lar_A 6sou_A 6so4_A 6sfi_A 6so2_A 6sot_A 6soi_A 5wjj_A 6so1_A 3fmk_A 2rg6_A 6m95_A 6sfo_A 3gc7_A 6sfk_A 2gfs_A 3kq7_A 1wbs_A 3nnw_A 2zaz_A 3zya_A 2gtn_A 3d83_A 6sod_A 5xyy_A 4aa0_A 4lop_A 4lop_B 4lop_D 3fl4_A 2qd9_A 2y8o_A 3fly_A 3e93_A 6sfj_A 3e92_A 4e5a_X 3s3i_A 4kin_A 4kin_B 4kin_C 4kin_D 3fmn_A 2i0h_A 1wbv_A 5uoj_A 3fln_C
2bys_J,4zk4_B 4zk4_D 2y7y_E 4wv9_A 4wv9_D 2xyt_A 2xyt_C 2xyt_E 2xyt_I 2xyt_J 2byp_A 2byp_B 2byp_C 2byp_D 2byp_E 5co5_A 5co5_B 5co5_D 5co5_G 5co5_I 5syo_B 5syo_D 2c9t_A 2c9t_B 2c9t_C 2c9t_D 2c9t_E 2c9t_F 2c9t_G 2c9t_H 2c9t_I 2c9t_J 3peo_B 3peo_G 5bw2_E 5kzu_B 5kzu_E 5jme_A 5jme_B 5jme_C 5jme_D 5jme_E 5oaj_A 4ez1_A 4ez1_B 4ez1_C 4ez1_D 4ez1_E 2br8_A 2br8_B
1fqc_A,5m13_A 3kjt_A 5m14_A 5m14_B 4o4b_A 5aq9_B 5aq9_D 1lls_A 1omp_A 4gli_A 1mpb_A 5m15_A 5m15_B 5gru_A 1jw4_A 6les_A 6les_X 6les_Y 1ziu_A 1mpc_A 1zjl_A 5fio_B 5bk1_A 5bk1_B 1svx_B 5cbn_B 4jkm_D 3rlf_E 4ki0_E 3puw_E 3pux_E 1peb_A 1n3x_A 3puv_E 1zkb_A 1zmg_A 6cxs_D 2r6g_E 3puy_E 5lem_B 5lel_B 5lel_E 5lel_H 5gs2_A 2n45_A 2n44_A 2mv0_A 2klf_A 2h25_A 2d21_A
1ank_B,4ake_A 4ake_B 4x8h_A 4x8m_A
4hat_C,3m1i_C 5uwp_C 5dif_C 6cit_C 3wyg_C 3vyc_A 5uwi_C 5yst_C 5uww_C 3wyf_C 3wyf_F 5uwj_C 5di9_C 5uwu_C 5xoj_C 5uwh_C 5dhf_C 5uwr_C 5uwq_C 5ytb_C 5uwt_C 5uwo_C 5uws_C 6a3a_C 5ysu_C 5yro_C 5dh9_C 6a3c_C 6a3b_C 6a3e_C 5dha_C 6a38_C 4hb3_C
